{"meta":{"version":1,"warehouse":"4.0.0"},"models":{"Asset":[{"_id":"source/CNAME","path":"CNAME","modified":0,"renderable":0},{"_id":"source/images/bitbug_favicon.ico","path":"images/bitbug_favicon.ico","modified":0,"renderable":0},{"_id":"source/images/avatar.png","path":"images/avatar.png","modified":0,"renderable":0},{"_id":"themes/yilia/source/main.0cf68a.css","path":"main.0cf68a.css","modified":0,"renderable":1},{"_id":"themes/yilia/source/slider.e37972.js","path":"slider.e37972.js","modified":0,"renderable":1},{"_id":"themes/yilia/source/main.0cf68a.js","path":"main.0cf68a.js","modified":0,"renderable":1},{"_id":"themes/yilia/source/mobile.992cbe.js","path":"mobile.992cbe.js","modified":0,"renderable":1},{"_id":"themes/yilia/source/fonts/default-skin.b257fa.svg","path":"fonts/default-skin.b257fa.svg","modified":0,"renderable":1},{"_id":"themes/yilia/source/fonts/iconfont.16acc2.ttf","path":"fonts/iconfont.16acc2.ttf","modified":0,"renderable":1},{"_id":"themes/yilia/source/fonts/iconfont.45d7ee.svg","path":"fonts/iconfont.45d7ee.svg","modified":0,"renderable":1},{"_id":"themes/yilia/source/fonts/iconfont.b322fa.eot","path":"fonts/iconfont.b322fa.eot","modified":0,"renderable":1},{"_id":"themes/yilia/source/fonts/iconfont.8c627f.woff","path":"fonts/iconfont.8c627f.woff","modified":0,"renderable":1},{"_id":"themes/yilia/source/fonts/tooltip.4004ff.svg","path":"fonts/tooltip.4004ff.svg","modified":0,"renderable":1},{"_id":"themes/yilia/source/img/default-skin.png","path":"img/default-skin.png","modified":0,"renderable":1},{"_id":"themes/yilia/source/img/preloader.gif","path":"img/preloader.gif","modified":0,"renderable":1},{"_id":"themes/yilia/source/img/scrollbar_arrow.png","path":"img/scrollbar_arrow.png","modified":0,"renderable":1}],"Cache":[{"_id":"source/CNAME","hash":"32c44267d63dec98c1387feab30adba665c32746","modified":1604985334989},{"_id":"source/_posts/hello-world.md","hash":"acad91ace80b80295b11a9b7ad4c29a2dcfdd8fb","modified":1604975359117},{"_id":"source/images/bitbug_favicon.ico","hash":"586109e1eba919ebe4e414019352d711e7a2d0e6","modified":1604991858044},{"_id":"source/images/avatar.png","hash":"6e8ea51e7bd6c7847a1b8e45c06031776cb7e58d","modified":1604990388252},{"_id":"themes/yilia/layout/_partial/toc.ejs","hash":"da39a3ee5e6b4b0d3255bfef95601890afd80709","modified":1604976291653},{"_id":"themes/yilia/.babelrc","hash":"db600d40e93e6d8023737a65d58d3be7370e5e30","modified":1604976291643},{"_id":"themes/yilia/.editorconfig","hash":"daaa8757fac18f8735fadd0a37a42c06f421ca14","modified":1604976291643},{"_id":"themes/yilia/.eslintrc.js","hash":"303d25adf02ad65720e537a16a4a137d14bb755f","modified":1604976291644},{"_id":"themes/yilia/.eslintignore","hash":"ed9d8911ca08c3dd5072c48dd0be4d06f8897730","modified":1604976291644},{"_id":"themes/yilia/.gitattributes","hash":"758cfbecfa7919e99abddf3297f37cde7e3d8d4e","modified":1604976291644},{"_id":"themes/yilia/.gitignore","hash":"d5fc575329853ff620b50fc62ad4b18fa09a308a","modified":1604976291644},{"_id":"themes/yilia/README.md","hash":"1bf755806af9d8874bd22e1abbdaaa24328ef4dc","modified":1604976291645},{"_id":"themes/yilia/_config.yml","hash":"ea5281ad95bdbbfb6bd0cb29aad54e9f2e65b642","modified":1604993192580},{"_id":"themes/yilia/package.json","hash":"ee6aa61f1cb89fd549e3e087c0232207a9c9ee30","modified":1604976291655},{"_id":"themes/yilia/webpack.config.js","hash":"da7657347109ddb4ab8602b219778117254677fe","modified":1604976291676},{"_id":"themes/yilia/languages/default.yml","hash":"f26a34a7983d4bc17c65c7f0f14da598e62ce66d","modified":1604976291645},{"_id":"themes/yilia/languages/fr.yml","hash":"b4be1c1592a72012e48df2b3ec41cc9685573e50","modified":1604976291645},{"_id":"themes/yilia/languages/nl.yml","hash":"3d82ec703d0b3287739d7cb4750a715ae83bfcb3","modified":1604976291646},{"_id":"themes/yilia/languages/ru.yml","hash":"2a476b4c6e04900914c81378941640ac5d58a1f0","modified":1604976291646},{"_id":"themes/yilia/languages/no.yml","hash":"ddf2035e920a5ecb9076138c184257d9f51896a7","modified":1604976291646},{"_id":"themes/yilia/languages/zh-CN.yml","hash":"b057f389c6713010f97d461e48ec959b0b6f3b44","modified":1604976291646},{"_id":"themes/yilia/languages/zh-tw.yml","hash":"f5f0ca88185da7a8457760d84bf221781473bd7c","modified":1604976291646},{"_id":"themes/yilia/layout/archive.ejs","hash":"2703b07cc8ac64ae46d1d263f4653013c7e1666b","modified":1604976291654},{"_id":"themes/yilia/layout/index.ejs","hash":"ec498c6c0606acde997ce195dad97b267418d980","modified":1604976291654},{"_id":"themes/yilia/layout/category.ejs","hash":"765426a9c8236828dc34759e604cc2c52292835a","modified":1604976291654},{"_id":"themes/yilia/layout/post.ejs","hash":"7d80e4e36b14d30a7cd2ac1f61376d9ebf264e8b","modified":1604976291655},{"_id":"themes/yilia/layout/layout.ejs","hash":"b471ab706d48e0be3f783eab1c94bf5878ef5a94","modified":1604976291654},{"_id":"themes/yilia/layout/tag.ejs","hash":"eaa7b4ccb2ca7befb90142e4e68995fb1ea68b2e","modified":1604976291655},{"_id":"themes/yilia/layout/page.ejs","hash":"7d80e4e36b14d30a7cd2ac1f61376d9ebf264e8b","modified":1604976291655},{"_id":"themes/yilia/source/main.0cf68a.css","hash":"ddf6e2c6b953c2c59a3c271e6070010a4cc81cf9","modified":1604976291673},{"_id":"themes/yilia/source/slider.e37972.js","hash":"ce5eac88301fe4f2fce0fb6203adfd58eb8313ac","modified":1604976291675},{"_id":"themes/yilia/source-src/css.ejs","hash":"cf7eab48d626433120d1ef9697f719a359817018","modified":1604976291656},{"_id":"themes/yilia/source-src/script.ejs","hash":"28abac2426761d7e715b38aadd86ce6549c8ae77","modified":1604976291670},{"_id":"themes/yilia/layout/_partial/after-footer.ejs","hash":"c70f367f54064a441e574c913f5e0ea121d0f899","modified":1604976291647},{"_id":"themes/yilia/layout/_partial/archive-post.ejs","hash":"edc0154b30a4127acda10297bec6aacf754b4ac4","modified":1604976291647},{"_id":"themes/yilia/layout/_partial/article.ejs","hash":"8dea8f5f93a60185439b330b0f1d1649a6ab4bd0","modified":1604976291648},{"_id":"themes/yilia/layout/_partial/archive.ejs","hash":"a4eacc2bc1278095a0ef99f904b0634c78f980eb","modified":1604976291647},{"_id":"themes/yilia/layout/_partial/aside.ejs","hash":"751e5deab5365348be5243688b419c82d337ab9a","modified":1604976291648},{"_id":"themes/yilia/layout/_partial/baidu-analytics.ejs","hash":"155327c23607f69989b58845f24d842a54e504b8","modified":1604976291648},{"_id":"themes/yilia/layout/_partial/css.ejs","hash":"236f8a377b2e4e35754319c3029bcd4a4115431d","modified":1604976291648},{"_id":"themes/yilia/layout/_partial/footer.ejs","hash":"871f81cacd5d41cb2eb001cd56254217a857dc2f","modified":1604976291649},{"_id":"themes/yilia/layout/_partial/google-analytics.ejs","hash":"1ccc627d7697e68fddc367c73ac09920457e5b35","modified":1604976291649},{"_id":"themes/yilia/layout/_partial/head.ejs","hash":"12ca7d8dba56bc767b9309dda9526dcbaffc1614","modified":1604976291649},{"_id":"themes/yilia/layout/_partial/header.ejs","hash":"b69855e07b65117769adc515cb64b803932068c9","modified":1604976291649},{"_id":"themes/yilia/layout/_partial/left-col.ejs","hash":"fb1b8457b9eb15b55da1bf7b133e12c375dd26f8","modified":1604976291649},{"_id":"themes/yilia/layout/_partial/mathjax.ejs","hash":"11550a418921d330e6553be0569a94ab5a217967","modified":1604976291650},{"_id":"themes/yilia/layout/_partial/mobile-nav.ejs","hash":"ccec1fc70f021cb50ac85b524e7949878ab93a18","modified":1604976291650},{"_id":"themes/yilia/layout/_partial/tools.ejs","hash":"0ffcb251b79e8a920c9b4cb6bb7a96a808816165","modified":1604976291653},{"_id":"themes/yilia/layout/_partial/viewer.ejs","hash":"cc1c39903aed0a0601d104238d2bbd13ad2a36f3","modified":1604976291654},{"_id":"themes/yilia/source/fonts/default-skin.b257fa.svg","hash":"2ac727c9e092331d35cce95af209ccfac6d4c7c7","modified":1604976291670},{"_id":"themes/yilia/source/fonts/iconfont.16acc2.ttf","hash":"f342ac8bf4d937f42a7d6a0032ad267ab47eb7f2","modified":1604976291671},{"_id":"themes/yilia/source/fonts/iconfont.45d7ee.svg","hash":"75767c904d483d9b93469afb6b92bb6bdface639","modified":1604976291671},{"_id":"themes/yilia/source/fonts/iconfont.b322fa.eot","hash":"bc8c5e88f4994a852041b4d83f126d9c4d419b4a","modified":1604976291672},{"_id":"themes/yilia/source/fonts/iconfont.8c627f.woff","hash":"aa9672cb097f7fd73ae5a03bcd3d9d726935bc0a","modified":1604976291672},{"_id":"themes/yilia/source/fonts/tooltip.4004ff.svg","hash":"397fe4b1093bf9b62457dac48aa15dac06b54a3c","modified":1604976291672},{"_id":"themes/yilia/source/img/default-skin.png","hash":"ed95a8e40a2c3478c5915376acb8e5f33677f24d","modified":1604976291673},{"_id":"themes/yilia/source/img/preloader.gif","hash":"6342367c93c82da1b9c620e97c84a389cc43d96d","modified":1604976291673},{"_id":"themes/yilia/source/img/scrollbar_arrow.png","hash":"d64a33c4ddfbdb89deeb6f4e3d36eb84dc4777c0","modified":1604976291673},{"_id":"themes/yilia/source-src/css/_core.scss","hash":"29ba600e98ed55f7af4ade8038272c84cba21188","modified":1604976291656},{"_id":"themes/yilia/source-src/css/_function.scss","hash":"ce227b6f5a9af194fd5d455200630f32c05e151f","modified":1604976291656},{"_id":"themes/yilia/source-src/css/article-inner.scss","hash":"f7388f5c11370ef462f7cb913d8f72edf24ecaf9","modified":1604976291657},{"_id":"themes/yilia/source-src/css/archive.scss","hash":"d6a7dd88404b383b5b94e4c7ec675a410c41f3cc","modified":1604976291657},{"_id":"themes/yilia/source-src/css/article-main.scss","hash":"1577a2336b3ad122f49f60dff2bc1a97d4e7b18b","modified":1604976291657},{"_id":"themes/yilia/source-src/css/article-nav.scss","hash":"8f82fe898ba1c1bd00c24a7d8270feddc7eba3bc","modified":1604976291657},{"_id":"themes/yilia/source-src/css/article.scss","hash":"55d082fec4c6bb341725567acaa29ce37d50320a","modified":1604976291658},{"_id":"themes/yilia/source-src/css/aside.scss","hash":"07244c188f58ecfb90bb7c047b8cde977f1dc4b4","modified":1604976291658},{"_id":"themes/yilia/source-src/css/comment.scss","hash":"b85f344f2c66d43d7094746e0a9ccb21d0534201","modified":1604976291658},{"_id":"themes/yilia/source-src/css/fonts.scss","hash":"96d7eb1d42c06fdcccb8ef969f6ecd30c3194903","modified":1604976291660},{"_id":"themes/yilia/source-src/css/footer.scss","hash":"7ca837a4cc34db1c35f01baec85eb10ccc64ea86","modified":1604976291662},{"_id":"themes/yilia/source-src/css/global.scss","hash":"b4cb4f45a55d4250cd9056f76dab2a3c0dabcec4","modified":1604976291662},{"_id":"themes/yilia/source-src/css/grid.scss","hash":"f53ea8270752b5919ec5d79224d22af91f2eda12","modified":1604976291662},{"_id":"themes/yilia/source-src/css/highlight.scss","hash":"40e5aa5056dc0b3b9f51c5b387370b612e265d4e","modified":1604976291662},{"_id":"themes/yilia/source-src/css/left.scss","hash":"80dac621e43581a254d0152d5df901e4d0b01c09","modified":1604976291663},{"_id":"themes/yilia/source-src/css/main.scss","hash":"9eba1fcf4805256697528fcf3b767cf6dd8d0591","modified":1604976291664},{"_id":"themes/yilia/source-src/css/mobile-slider.scss","hash":"19f10fd2f0c3377aa4b165b3c2291ecf86dd9351","modified":1604976291664},{"_id":"themes/yilia/source-src/css/mobile.scss","hash":"d995dcd483a250fe61b426158afb61bf8923a927","modified":1604976291664},{"_id":"themes/yilia/source-src/css/page.scss","hash":"244c4d75c375978ff9edb74acc68825e63c6b235","modified":1604976291664},{"_id":"themes/yilia/source-src/css/reward.scss","hash":"a557a9ed244c82b8b71e9da9de3339d92783499f","modified":1604976291665},{"_id":"themes/yilia/source-src/css/scroll.scss","hash":"2495f7e4e3b055735c531f944b5f40a118a351ec","modified":1604976291665},{"_id":"themes/yilia/source-src/css/share.scss","hash":"9d6f6884f40c191882e56a1e1e1192400944a515","modified":1604976291665},{"_id":"themes/yilia/source-src/css/social.scss","hash":"a10a038a1dac8953cb4ffc7e04272eff9fac54e4","modified":1604976291665},{"_id":"themes/yilia/source-src/css/tags-cloud.scss","hash":"399744e98e7c67939ed9b23c2670d8baad044eda","modified":1604976291666},{"_id":"themes/yilia/source-src/css/tags.scss","hash":"915c93edd67c5326695cc7dc84b14c5f154dbcc8","modified":1604976291666},{"_id":"themes/yilia/source-src/css/tools.scss","hash":"2924fb6f77c4a9973cd928c2c7db0acb848ed483","modified":1604976291666},{"_id":"themes/yilia/source-src/css/tooltip.scss","hash":"b81cedbe31accca82e597801186911a7b5e6841c","modified":1604976291666},{"_id":"themes/yilia/source-src/js/Q.js","hash":"e56d9710afa79b31ca6b9fbd845f6d1895f5214b","modified":1604976291667},{"_id":"themes/yilia/source-src/js/anm.js","hash":"d18f6276a352b871390a4112d479b9e58b8cdbbe","modified":1604976291667},{"_id":"themes/yilia/source-src/js/aside.js","hash":"5e4c3c3d61f1e1ce2f09688d3aff25fadc851fff","modified":1604976291668},{"_id":"themes/yilia/source-src/js/browser.js","hash":"4dc04845cf27f350922b63f1813a9c82e6e33b05","modified":1604976291668},{"_id":"themes/yilia/source-src/js/fix.js","hash":"67b8819abb886c9d066fb3b0624ca15e06f63fe0","modified":1604976291668},{"_id":"themes/yilia/source-src/js/main.js","hash":"fe98bf90ce61658fe16ae057f8b6a512a845af3b","modified":1604976291668},{"_id":"themes/yilia/source-src/js/mobile.js","hash":"461c08ffcbc724d74ec7e0ff38e171eefe0f89fd","modified":1604976291669},{"_id":"themes/yilia/source-src/js/report.js","hash":"57680f9a23bd0a1eaafd64ae08cc33e20627ab15","modified":1604976291669},{"_id":"themes/yilia/source-src/js/share.js","hash":"d4ccff8266c37363b3904226f5d035b7db882c61","modified":1604976291669},{"_id":"themes/yilia/source-src/js/slider.js","hash":"0beaa112657ad57c723d9e773d5b79de60c1dd74","modified":1604976291669},{"_id":"themes/yilia/source-src/js/util.js","hash":"3bcdeb95072b85600874424e6929e3e22cfddaa0","modified":1604976291669},{"_id":"themes/yilia/source-src/js/viewer.js","hash":"c699cf3c89409ec8f044258e0715a470861b5d5d","modified":1604976291670},{"_id":"themes/yilia/layout/_partial/post/category.ejs","hash":"e777cbf959b11c4dfda649c562799899b90ab4a3","modified":1604976291650},{"_id":"themes/yilia/layout/_partial/post/changyan.ejs","hash":"086c8a88fd3bcae7ec13258df58e25d6354af2fa","modified":1604976291651},{"_id":"themes/yilia/layout/_partial/post/date.ejs","hash":"aae96de18d48cd3b9b7bf6fed0100e15b53cca97","modified":1604976291651},{"_id":"themes/yilia/layout/_partial/post/duoshuo.ejs","hash":"f6b4c4eaafb5ac386273354b5f64a26139b7a3b0","modified":1604976291651},{"_id":"themes/yilia/layout/_partial/post/gitment.ejs","hash":"25655016773aa5d0774c56115ae1736a9fc9ea1f","modified":1604976291651},{"_id":"themes/yilia/layout/_partial/post/nav.ejs","hash":"b6a97043f9ec37e571aacacfedcda1d4d75e3c7c","modified":1604976291651},{"_id":"themes/yilia/layout/_partial/post/share.ejs","hash":"345b262e3c3b75c0cd9a93d9ecabcf06e33e54ff","modified":1604976291652},{"_id":"themes/yilia/layout/_partial/post/tag.ejs","hash":"2c4e4ca36c9bb4318506c38aca7127f1f44d827f","modified":1604976291652},{"_id":"themes/yilia/layout/_partial/post/title.ejs","hash":"d4a460a35e2112d0c7414fd5e19b3a16093f1caf","modified":1604976291652},{"_id":"themes/yilia/layout/_partial/post/wangyiyun.ejs","hash":"fb022502c741b4a26bad6b2ad37245c10ede3f1a","modified":1604976291652},{"_id":"themes/yilia/source-src/css/fonts/iconfont.eot","hash":"bc8c5e88f4994a852041b4d83f126d9c4d419b4a","modified":1604976291660},{"_id":"themes/yilia/source-src/css/fonts/iconfont.svg","hash":"75767c904d483d9b93469afb6b92bb6bdface639","modified":1604976291661},{"_id":"themes/yilia/source-src/css/fonts/iconfont.ttf","hash":"f342ac8bf4d937f42a7d6a0032ad267ab47eb7f2","modified":1604976291661},{"_id":"themes/yilia/source-src/css/fonts/iconfont.woff","hash":"aa9672cb097f7fd73ae5a03bcd3d9d726935bc0a","modified":1604976291662},{"_id":"themes/yilia/source-src/css/core/_animation.scss","hash":"1834c3ed8560716e63bb3a50be94cac87fbbeaf3","modified":1604976291658},{"_id":"themes/yilia/source-src/css/core/_media-queries.scss","hash":"262ffcd88775080b7f511db37f58d2bcb1b2bfc7","modified":1604976291659},{"_id":"themes/yilia/source-src/css/core/_mixin.scss","hash":"91db061c9c17628291a005e5bd4936cf9d35a6c4","modified":1604976291659},{"_id":"themes/yilia/source-src/css/core/_reset.scss","hash":"398a49913b4a47d928103562b1ce94520be4026a","modified":1604976291659},{"_id":"themes/yilia/source-src/css/core/_variables.scss","hash":"6e75bdaa46de83094ba0873099c6e7d656a22453","modified":1604976291660},{"_id":"themes/yilia/source-src/css/img/checkered-pattern.png","hash":"049262fa0886989d750637b264bed34ab51c23c8","modified":1604976291663},{"_id":"themes/yilia/source-src/css/img/scrollbar_arrow.png","hash":"d64a33c4ddfbdb89deeb6f4e3d36eb84dc4777c0","modified":1604976291663},{"_id":"themes/yilia/source-src/css/img/tooltip.svg","hash":"397fe4b1093bf9b62457dac48aa15dac06b54a3c","modified":1604976291663},{"_id":"themes/yilia/source/main.0cf68a.js","hash":"283ae27ea37ac3e0e45b2e05c2482a4c594b9c25","modified":1604976291674},{"_id":"themes/yilia/source/mobile.992cbe.js","hash":"1801ef448909ea23c0a48e9d63b80d0cfd5534ce","modified":1604976291675},{"_id":"themes/yilia/layout/_partial/script.ejs","hash":"e98ec0b3b56f14d1d79af99ceb42727719a584f3","modified":1604976291653},{"_id":"public/content.json","hash":"bdf1f45ef1e56973e4cd72734cd95a0093348dad","modified":1604994770982},{"_id":"public/2020/11/10/hello-world/index.html","hash":"5617a129b5ab657165dac5c0aa28a7bc732bc039","modified":1604994770982},{"_id":"public/archives/index.html","hash":"5e98dcdbf5b71bc52dce208ec9aeb885f6205cac","modified":1604994770982},{"_id":"public/archives/2020/index.html","hash":"924d8b9f5da541646bebc79af5fa2615ca787157","modified":1604994770982},{"_id":"public/archives/2020/11/index.html","hash":"78560542eeb2abc3a44dff2410fa3c8aef764019","modified":1604994770982},{"_id":"public/index.html","hash":"10718faf2e7f755aeaa7b060fba00139b60ee8ca","modified":1604994770982},{"_id":"public/images/bitbug_favicon.ico","hash":"586109e1eba919ebe4e414019352d711e7a2d0e6","modified":1604994770982},{"_id":"public/CNAME","hash":"32c44267d63dec98c1387feab30adba665c32746","modified":1604994770982},{"_id":"public/fonts/default-skin.b257fa.svg","hash":"2ac727c9e092331d35cce95af209ccfac6d4c7c7","modified":1604994770982},{"_id":"public/images/avatar.png","hash":"6e8ea51e7bd6c7847a1b8e45c06031776cb7e58d","modified":1604994770982},{"_id":"public/fonts/iconfont.16acc2.ttf","hash":"f342ac8bf4d937f42a7d6a0032ad267ab47eb7f2","modified":1604994770982},{"_id":"public/fonts/iconfont.45d7ee.svg","hash":"75767c904d483d9b93469afb6b92bb6bdface639","modified":1604994770982},{"_id":"public/fonts/iconfont.b322fa.eot","hash":"bc8c5e88f4994a852041b4d83f126d9c4d419b4a","modified":1604994770982},{"_id":"public/img/default-skin.png","hash":"ed95a8e40a2c3478c5915376acb8e5f33677f24d","modified":1604994770982},{"_id":"public/fonts/iconfont.8c627f.woff","hash":"aa9672cb097f7fd73ae5a03bcd3d9d726935bc0a","modified":1604994770982},{"_id":"public/fonts/tooltip.4004ff.svg","hash":"397fe4b1093bf9b62457dac48aa15dac06b54a3c","modified":1604994770982},{"_id":"public/img/preloader.gif","hash":"6342367c93c82da1b9c620e97c84a389cc43d96d","modified":1604994770982},{"_id":"public/img/scrollbar_arrow.png","hash":"d64a33c4ddfbdb89deeb6f4e3d36eb84dc4777c0","modified":1604994770982},{"_id":"public/main.0cf68a.css","hash":"ddf6e2c6b953c2c59a3c271e6070010a4cc81cf9","modified":1604994770982},{"_id":"public/slider.e37972.js","hash":"6dec4e220c89049037eebc44404abd8455d22ad7","modified":1604994770982},{"_id":"public/main.0cf68a.js","hash":"993fadeb5f6d296e9d997a49ee20dc97333ceab7","modified":1604994770982},{"_id":"public/mobile.992cbe.js","hash":"01b35e71e37aa2849664eb5daf26daede2278398","modified":1604994770982}],"Category":[],"Data":[],"Page":[],"Post":[{"title":"Hello World","_content":"Welcome to [Hexo](https://hexo.io/)! This is your very first post. Check [documentation](https://hexo.io/docs/) for more info. If you get any problems when using Hexo, you can find the answer in [troubleshooting](https://hexo.io/docs/troubleshooting.html) or you can ask me on [GitHub](https://github.com/hexojs/hexo/issues).\n\n## Quick Start\n\n### Create a new post\n\n``` bash\n$ hexo new \"My New Post\"\n```\n\nMore info: [Writing](https://hexo.io/docs/writing.html)\n\n### Run server\n\n``` bash\n$ hexo server\n```\n\nMore info: [Server](https://hexo.io/docs/server.html)\n\n### Generate static files\n\n``` bash\n$ hexo generate\n```\n\nMore info: [Generating](https://hexo.io/docs/generating.html)\n\n### Deploy to remote sites\n\n``` bash\n$ hexo deploy\n```\n\nMore info: [Deployment](https://hexo.io/docs/one-command-deployment.html)\n","source":"_posts/hello-world.md","raw":"---\ntitle: Hello World\n---\nWelcome to [Hexo](https://hexo.io/)! This is your very first post. Check [documentation](https://hexo.io/docs/) for more info. If you get any problems when using Hexo, you can find the answer in [troubleshooting](https://hexo.io/docs/troubleshooting.html) or you can ask me on [GitHub](https://github.com/hexojs/hexo/issues).\n\n## Quick Start\n\n### Create a new post\n\n``` bash\n$ hexo new \"My New Post\"\n```\n\nMore info: [Writing](https://hexo.io/docs/writing.html)\n\n### Run server\n\n``` bash\n$ hexo server\n```\n\nMore info: [Server](https://hexo.io/docs/server.html)\n\n### Generate static files\n\n``` bash\n$ hexo generate\n```\n\nMore info: [Generating](https://hexo.io/docs/generating.html)\n\n### Deploy to remote sites\n\n``` bash\n$ hexo deploy\n```\n\nMore info: [Deployment](https://hexo.io/docs/one-command-deployment.html)\n","slug":"hello-world","published":1,"date":"2020-11-10T02:29:19.117Z","updated":"2020-11-10T02:29:19.117Z","comments":1,"layout":"post","photos":[],"link":"","_id":"ckhbog3gl00007ovv023tertu","content":"<p>Welcome to <a href=\"https://hexo.io/\">Hexo</a>! This is your very first post. Check <a href=\"https://hexo.io/docs/\">documentation</a> for more info. If you get any problems when using Hexo, you can find the answer in <a href=\"https://hexo.io/docs/troubleshooting.html\">troubleshooting</a> or you can ask me on <a href=\"https://github.com/hexojs/hexo/issues\">GitHub</a>.</p>\n<h2 id=\"Quick-Start\"><a href=\"#Quick-Start\" class=\"headerlink\" title=\"Quick Start\"></a>Quick Start</h2><h3 id=\"Create-a-new-post\"><a href=\"#Create-a-new-post\" class=\"headerlink\" title=\"Create a new post\"></a>Create a new post</h3><figure class=\"highlight bash\"><table><tr><td class=\"gutter\"><pre><span class=\"line\">1</span><br></pre></td><td class=\"code\"><pre><span class=\"line\">$ hexo new <span class=\"string\">&quot;My New Post&quot;</span></span><br></pre></td></tr></table></figure>\n\n<p>More info: <a href=\"https://hexo.io/docs/writing.html\">Writing</a></p>\n<h3 id=\"Run-server\"><a href=\"#Run-server\" class=\"headerlink\" title=\"Run server\"></a>Run server</h3><figure class=\"highlight bash\"><table><tr><td class=\"gutter\"><pre><span class=\"line\">1</span><br></pre></td><td class=\"code\"><pre><span class=\"line\">$ hexo server</span><br></pre></td></tr></table></figure>\n\n<p>More info: <a href=\"https://hexo.io/docs/server.html\">Server</a></p>\n<h3 id=\"Generate-static-files\"><a href=\"#Generate-static-files\" class=\"headerlink\" title=\"Generate static files\"></a>Generate static files</h3><figure class=\"highlight bash\"><table><tr><td class=\"gutter\"><pre><span class=\"line\">1</span><br></pre></td><td class=\"code\"><pre><span class=\"line\">$ hexo generate</span><br></pre></td></tr></table></figure>\n\n<p>More info: <a href=\"https://hexo.io/docs/generating.html\">Generating</a></p>\n<h3 id=\"Deploy-to-remote-sites\"><a href=\"#Deploy-to-remote-sites\" class=\"headerlink\" title=\"Deploy to remote sites\"></a>Deploy to remote sites</h3><figure class=\"highlight bash\"><table><tr><td class=\"gutter\"><pre><span class=\"line\">1</span><br></pre></td><td class=\"code\"><pre><span class=\"line\">$ hexo deploy</span><br></pre></td></tr></table></figure>\n\n<p>More info: <a href=\"https://hexo.io/docs/one-command-deployment.html\">Deployment</a></p>\n","site":{"data":{}},"excerpt":"","more":"<p>Welcome to <a href=\"https://hexo.io/\">Hexo</a>! This is your very first post. Check <a href=\"https://hexo.io/docs/\">documentation</a> for more info. If you get any problems when using Hexo, you can find the answer in <a href=\"https://hexo.io/docs/troubleshooting.html\">troubleshooting</a> or you can ask me on <a href=\"https://github.com/hexojs/hexo/issues\">GitHub</a>.</p>\n<h2 id=\"Quick-Start\"><a href=\"#Quick-Start\" class=\"headerlink\" title=\"Quick Start\"></a>Quick Start</h2><h3 id=\"Create-a-new-post\"><a href=\"#Create-a-new-post\" class=\"headerlink\" title=\"Create a new post\"></a>Create a new post</h3><figure class=\"highlight bash\"><table><tr><td class=\"gutter\"><pre><span class=\"line\">1</span><br></pre></td><td class=\"code\"><pre><span class=\"line\">$ hexo new <span class=\"string\">&quot;My New Post&quot;</span></span><br></pre></td></tr></table></figure>\n\n<p>More info: <a href=\"https://hexo.io/docs/writing.html\">Writing</a></p>\n<h3 id=\"Run-server\"><a href=\"#Run-server\" class=\"headerlink\" title=\"Run server\"></a>Run server</h3><figure class=\"highlight bash\"><table><tr><td class=\"gutter\"><pre><span class=\"line\">1</span><br></pre></td><td class=\"code\"><pre><span class=\"line\">$ hexo server</span><br></pre></td></tr></table></figure>\n\n<p>More info: <a href=\"https://hexo.io/docs/server.html\">Server</a></p>\n<h3 id=\"Generate-static-files\"><a href=\"#Generate-static-files\" class=\"headerlink\" title=\"Generate static files\"></a>Generate static files</h3><figure class=\"highlight bash\"><table><tr><td class=\"gutter\"><pre><span class=\"line\">1</span><br></pre></td><td class=\"code\"><pre><span class=\"line\">$ hexo generate</span><br></pre></td></tr></table></figure>\n\n<p>More info: <a href=\"https://hexo.io/docs/generating.html\">Generating</a></p>\n<h3 id=\"Deploy-to-remote-sites\"><a href=\"#Deploy-to-remote-sites\" class=\"headerlink\" title=\"Deploy to remote sites\"></a>Deploy to remote sites</h3><figure class=\"highlight bash\"><table><tr><td class=\"gutter\"><pre><span class=\"line\">1</span><br></pre></td><td class=\"code\"><pre><span class=\"line\">$ hexo deploy</span><br></pre></td></tr></table></figure>\n\n<p>More info: <a href=\"https://hexo.io/docs/one-command-deployment.html\">Deployment</a></p>\n"}],"PostAsset":[],"PostCategory":[],"PostTag":[],"Tag":[]}}